{"losses": {"epoch": [1.3631285524368286, 1.382392019033432], "batch": [1.3926801681518555, 1.3828935623168945, 1.5261067152023315, 1.2972168922424316, 1.2941429615020752, 1.344002366065979, 1.4632022380828857, 1.3970401287078857, 1.338780164718628, 1.2657629251480103, 1.4206836223602295, 1.2384053468704224, 1.409970760345459, 1.3565564155578613, 1.417406439781189, 1.3120932579040527, 1.4456069469451904, 1.4499224424362183, 1.4123588800430298, 1.4068820476531982, 1.3964412212371826, 1.4306745529174805, 1.3542890548706055, 1.3633737564086914, 1.3634240627288818, 1.4135936498641968, 1.3495150804519653, 1.2803733348846436, 1.3488255739212036, 1.3066291809082031, 1.4005284309387207, 1.315781593322754, 1.4423210620880127, 1.3346632719039917, 1.4056037664413452, 1.2516669034957886, 1.4635727405548096, 1.3414112329483032, 1.3252289295196533, 1.4168274402618408, 1.3700462579727173, 1.4337241649627686, 1.3800475597381592, 1.375910997390747, 1.3379870653152466, 1.393420696258545, 1.387235403060913, 1.2582511901855469, 1.317084550857544, 1.3492132425308228, 1.3162524700164795, 1.3607836961746216, 1.3079158067703247, 1.3744696378707886, 1.3455216884613037, 1.3701162338256836, 1.3723530769348145, 1.2796237468719482, 1.530258059501648, 1.3144137859344482, 1.3744397163391113, 1.5003665685653687, 1.3397552967071533, 1.3631254434585571, 1.3542143106460571, 1.4062374830245972, 1.3327898979187012, 1.4131888151168823, 1.3125331401824951, 1.2197681665420532, 1.2315630912780762, 1.3385069370269775, 1.397946834564209, 1.4575833082199097, 1.3325724601745605, 1.470516324043274, 1.351464867591858, 1.3935563564300537, 1.379156470298767, 1.4601739645004272, 1.3215234279632568, 1.365962028503418, 1.441434383392334, 1.271059274673462, 1.314283013343811, 1.3425521850585938, 1.2234441041946411, 1.3070783615112305, 1.3719760179519653, 1.2940490245819092, 1.3653508424758911, 1.2998629808425903, 1.3240792751312256, 1.4014439582824707, 1.3827444314956665, 1.3381919860839844, 1.3132225275039673, 1.421372652053833, 1.4172008037567139, 1.3154760599136353, 1.3555433750152588, 1.3470535278320312, 1.3884806632995605, 1.3730376958847046, 1.4094953536987305, 1.4825987815856934, 1.4211729764938354, 1.4632014036178589, 1.4470994472503662, 1.307329535484314, 1.265334129333496, 1.3918309211730957, 1.4262102842330933, 1.3411762714385986, 1.4109313488006592, 1.3083587884902954, 1.3474586009979248, 1.4132661819458008, 1.3844168186187744, 1.359764575958252, 1.3688442707061768, 1.4074002504348755, 1.3529146909713745, 1.4079093933105469, 1.3403444290161133, 1.3338475227355957, 1.3914120197296143, 1.39229154586792, 1.3793799877166748, 1.3508515357971191, 1.3609510660171509, 1.4072811603546143, 1.4130914211273193, 1.3234617710113525, 1.4328932762145996, 1.4011852741241455, 1.3457928895950317, 1.380865454673767, 1.4286154508590698, 1.2846336364746094, 1.4679280519485474, 1.3491463661193848, 1.3642011880874634, 1.3917388916015625, 1.4101165533065796, 1.3196814060211182, 1.3741934299468994, 1.4477472305297852, 1.368034839630127, 1.353967308998108, 1.3293169736862183, 1.3240785598754883, 1.5172104835510254, 1.3357560634613037, 1.435994267463684, 1.4471186399459839, 1.3204957246780396, 1.3383368253707886, 1.50118088722229, 1.3903950452804565, 1.3386911153793335, 1.4649946689605713, 1.347014307975769, 1.346996784210205, 1.4250190258026123, 1.4329527616500854, 1.395354151725769, 1.3439233303070068, 1.3302714824676514, 1.3632447719573975, 1.30865478515625, 1.3236650228500366, 1.313685417175293, 1.4361300468444824, 1.4069584608078003, 1.3735394477844238, 1.3652894496917725, 1.4031596183776855, 1.3728235960006714, 1.4641330242156982, 1.324575662612915, 1.4771642684936523, 1.325506567955017, 1.3231117725372314, 1.4173367023468018, 1.2737669944763184, 1.390800952911377, 1.4142745733261108, 1.4052373170852661, 1.3511779308319092, 1.257548451423645, 1.4395763874053955, 1.5627468824386597, 1.4522663354873657, 1.3777984380722046, 1.3685827255249023, 1.3546119928359985, 1.3984177112579346, 1.479801893234253, 1.3540306091308594]}, "val_acc": {"epoch": [9.999999776482581e-05, 0.005099999886006117], "batch": [null, null, null, null, null, null, null, null, null, null, null, null, null, null, null, null, null, null, null, null, null, null, null, null, null, null, null, null, null, null, null, null, null, null, null, null, null, null, null, null, null, null, null, null, null, null, null, null, null, null, null, null, null, null, null, null, null, null, null, null, null, null, null, null, null, null, null, null, null, null, null, null, null, null, null, null, null, null, null, null, null, null, null, null, null, null, null, null, null, null, null, null, null, null, null, null, null, null, null, null, null, null, null, null, null, null, null, null, null, null, null, null, null, null, null, null, null, null, null, null, null, null, null, null, null, null, null, null, null, null, null, null, null, null, null, null, null, null, null, null, null, null, null, null, null, null, null, null, null, null, null, null, null, null, null, null, null, null, null, null, null, null, null, null, null, null, null, null, null, null, null, null, null, null, null, null, null, null, null, null, null, null, null, null, null, null, null, null, null, null, null, null, null, null, null, null, null, null, null, null]}, "val_loss": {"epoch": [1.5464740920066833, 1.5531575059890748], "batch": [null, null, null, null, null, null, null, null, null, null, null, null, null, null, null, null, null, null, null, null, null, null, null, null, null, null, null, null, null, null, null, null, null, null, null, null, null, null, null, null, null, null, null, null, null, null, null, null, null, null, null, null, null, null, null, null, null, null, null, null, null, null, null, null, null, null, null, null, null, null, null, null, null, null, null, null, null, null, null, null, null, null, null, null, null, null, null, null, null, null, null, null, null, null, null, null, null, null, null, null, null, null, null, null, null, null, null, null, null, null, null, null, null, null, null, null, null, null, null, null, null, null, null, null, null, null, null, null, null, null, null, null, null, null, null, null, null, null, null, null, null, null, null, null, null, null, null, null, null, null, null, null, null, null, null, null, null, null, null, null, null, null, null, null, null, null, null, null, null, null, null, null, null, null, null, null, null, null, null, null, null, null, null, null, null, null, null, null, null, null, null, null, null, null, null, null, null, null, null, null]}, "accuracy": {"epoch": [0.00029999999329447744, 0.004199999906122684],